Model,Accuracy,Precision,Recall,F1,AUC
Logistic,0.782,0.7790110998990918,0.7805864509605662,0.7797979797979798,0.8697412386898815
Tree,1.0,1.0,1.0,1.0,1.0
KNN,0.718,0.6905829596412556,0.7785642062689585,0.7319391634980988,0.8015679897267569
